{"cameraMode":{"drawMode":0,"name":"Shaded","section":"Shading Mode"},"sceneLighting":false,"audioPlay":false,"sceneViewState":{"showFog":true,"showMaterialUpdate":false,"showSkybox":false,"showFlares":true,"showImageEffects":true,"showParticleSystems":true},"in2DMode":false,"pivot":{"x":-23.12560272216797,"y":5.964987754821777,"z":0.5667340755462647},"rotation":{"x":-0.006643008440732956,"y":-0.8355157375335693,"z":-0.018976466730237008,"w":0.5498087406158447},"size":4.27200174331665,"orthographic":false}