{"cameraMode":{"drawMode":0,"name":"Shaded","section":"Shading Mode"},"sceneLighting":false,"audioPlay":false,"sceneViewState":{"showFog":true,"showMaterialUpdate":false,"showSkybox":false,"showFlares":true,"showImageEffects":true,"showParticleSystems":true},"in2DMode":false,"pivot":{"x":15.723434448242188,"y":3.230900287628174,"z":15.881068229675293},"rotation":{"x":0.11600365489721298,"y":0.4861675500869751,"z":-0.06527416408061981,"w":0.8636955618858337},"size":4.330127239227295,"orthographic":false}