{"cameraMode":{"drawMode":0,"name":"Shaded","section":"Shading Mode"},"sceneLighting":true,"audioPlay":false,"sceneViewState":{"m_AlwaysRefresh":false,"showFog":true,"showSkybox":true,"showFlares":true,"showImageEffects":true,"showParticleSystems":true,"showVisualEffectGraphs":true,"m_FxEnabled":true},"in2DMode":false,"pivot":{"x":92.30599212646485,"y":23.63117218017578,"z":-56.702369689941409},"rotation":{"x":-0.018418829888105394,"y":0.9100947976112366,"z":0.04070055112242699,"w":0.41202405095100405},"size":55.25379943847656,"orthographic":false}