{"cameraMode":{"drawMode":0,"name":"Shaded","section":"Shading Mode"},"sceneLighting":true,"audioPlay":false,"sceneViewState":{"m_AlwaysRefresh":false,"showFog":true,"showSkybox":true,"showFlares":true,"showImageEffects":true,"showParticleSystems":true,"showVisualEffectGraphs":true,"m_FxEnabled":true},"in2DMode":false,"pivot":{"x":-210.31088256835938,"y":-56.761051177978519,"z":-32.59306335449219},"rotation":{"x":0.009075873531401158,"y":-0.9494072794914246,"z":0.3128470480442047,"w":0.027571292594075204},"size":74.77393341064453,"orthographic":false}